Date,Value
2013-05-17,"1,401.79"
2013-05-20,"1,406.86"
2013-05-21,"1,422.99"
2013-05-22,"1,448.42"
2013-05-23,"1,396.91"
2013-05-24,"1,380.88"
2013-05-27,"1,378.29"
2013-05-28,"1,397.72"
2013-05-29,"1,361.43"
2013-05-30,"1,361.26"
2013-05-31,"1,350.17"
2013-06-03,"1,337.40"
2013-06-04,"1,341.62"
2013-06-05,"1,326.78"
2013-06-06,"1,316.92"
2013-06-07,"1,343.90"
2013-06-10,"1,335.25"
2013-06-11,"1,301.31"
2013-06-13,"1,281.89"
2013-06-14,"1,299.61"
2013-06-17,"1,325.27"
2013-06-18,"1,335.14"
2013-06-19,"1,323.57"
2013-06-20,"1,297.01"
2013-06-21,"1,298.89"
2013-06-24,"1,290.26"
2013-06-25,"1,297.59"
2013-06-26,"1,320.39"
2013-06-27,"1,313.23"
2013-06-28,"1,330.46"
2013-07-01,"1,336.17"
2013-07-02,"1,337.92"
2013-07-03,"1,333.35"
2013-07-04,"1,349.21"
2013-07-05,"1,342.72"
2013-07-08,"1,348.88"
2013-07-09,"1,345.73"
2013-07-10,"1,333.71"
2013-07-11,"1,368.11"
2013-07-12,"1,398.22"
2013-07-15,"1,403.56"
2013-07-16,"1,410.10"
2013-07-17,"1,431.80"
2013-07-18,"1,416.63"
2013-07-19,"1,421.67"
2013-07-22,"1,415.52"
2013-07-23,"1,417.34"
2013-07-24,"1,407.41"
2013-07-25,"1,401.88"
2013-07-26,"1,403.14"
2013-07-29,"1,398.30"
2013-07-30,"1,387.31"
2013-07-31,"1,375.79"
2013-08-01,"1,398.46"
2013-08-02,"1,392.15"
2013-08-05,"1,391.75"
2013-08-06,"1,364.65"
2013-08-07,"1,362.91"
2013-08-08,"1,362.38"
2013-08-09,"1,382.72"
2013-08-12,"1,388.36"
2013-08-13,"1,407.86"
2013-08-14,"1,423.87"
2013-08-15,"1,391.37"
2013-08-16,"1,380.31"
2013-08-19,"1,382.32"
2013-08-20,"1,377.28"
2013-08-21,"1,376.60"
2013-08-22,"1,396.65"
2013-08-23,"1,393.21"
2013-08-26,"1,387.06"
2013-08-27,"1,374.21"
2013-08-28,"1,369.64"
2013-08-29,"1,371.89"
2013-08-30,"1,364.65"
2013-09-02,"1,367.53"
2013-09-03,"1,373.82"
2013-09-04,"1,375.66"
2013-09-05,"1,422.40"
2013-09-06,"1,423.40"
2013-09-09,"1,451.54"
2013-09-10,"1,453.57"
2013-09-11,"1,454.12"
2013-09-12,"1,450.23"
2013-09-13,"1,440.74"
2013-09-16,"1,470.48"
2013-09-17,"1,473.03"
2013-09-18,"1,464.95"
2013-09-19,"1,487.19"
2013-09-20,"1,476.73"
2013-09-23,"1,467.62"
2013-09-24,"1,464.72"
2013-09-25,"1,479.59"
2013-09-26,"1,485.14"
2013-09-27,"1,471.89"
2013-09-30,"1,462.82"
2013-10-01,"1,471.73"
2013-10-02,"1,454.29"
2013-10-03,"1,456.49"
2013-10-04,"1,474.21"
2013-10-07,"1,480.20"
2013-10-08,"1,505.14"
2013-10-09,"1,501.01"
2013-10-10,"1,516.73"
2013-10-11,"1,513.03"
2013-10-14,"1,510.20"
2013-10-15,"1,531.67"
2013-10-16,"1,531.57"
2013-10-17,"1,512.32"
2013-10-18,"1,533.35"
2013-10-21,"1,533.61"
2013-10-22,"1,528.76"
2013-10-23,"1,507.26"
2013-10-24,"1,502.46"
2013-10-25,"1,504.48"
2013-10-28,"1,511.51"
2013-10-29,"1,516.17"
2013-10-30,"1,516.00"
2013-10-31,"1,510.21"
2013-11-01,"1,515.15"
2013-11-05,"1,505.94"
2013-11-06,"1,499.95"
2013-11-07,"1,509.25"
2013-11-08,"1,489.55"
2013-11-11,"1,483.46"
2013-11-12,"1,500.41"
2013-11-13,"1,466.82"
2013-11-14,"1,490.89"
2013-11-15,"1,493.79"
2013-11-18,"1,510.61"
2013-11-19,"1,511.19"
2013-11-20,"1,508.52"
2013-11-21,"1,494.07"
2013-11-22,"1,504.10"
2013-11-25,"1,502.41"
2013-11-26,"1,484.37"
2013-11-27,"1,475.42"
2013-11-28,"1,479.46"
2013-11-29,"1,479.35"
2013-12-02,"1,473.26"
2013-12-03,"1,448.84"
2013-12-04,"1,439.26"
2013-12-05,"1,429.25"
2013-12-06,"1,448.67"
2013-12-09,"1,465.70"
2013-12-10,"1,464.14"
2013-12-11,"1,464.67"
2013-12-12,"1,449.74"
2013-12-13,"1,452.76"
2013-12-16,"1,470.22"
2013-12-17,"1,479.39"
2013-12-18,"1,486.91"
2013-12-19,"1,497.99"
2013-12-20,"1,497.23"
2013-12-23,"1,507.49"
2013-12-24,"1,506.41"
2013-12-25,"1,501.12"
2013-12-26,"1,501.47"
2013-12-27,"1,494.83"
2013-12-30,"1,504.08"
2014-01-06,"1,466.15"
2014-01-08,"1,462.67"
2014-01-09,"1,465.14"
2014-01-10,"1,469.19"
2014-01-13,"1,477.56"
2014-01-14,"1,469.64"
2014-01-15,"1,486.51"
2014-01-16,"1,480.73"
2014-01-17,"1,486.88"
2014-01-20,"1,495.36"
2014-01-21,"1,504.68"
2014-01-22,"1,498.73"
2014-01-23,"1,496.90"
2014-01-24,"1,494.58"
2014-01-27,"1,478.23"
2014-01-28,"1,469.57"
2014-01-29,"1,462.99"
2014-01-30,"1,463.20"
2014-01-31,"1,454.45"
2014-02-03,"1,442.84"
2014-02-04,"1,441.16"
2014-02-05,"1,456.00"
2014-02-06,"1,466.70"
2014-02-07,"1,478.48"
2014-02-10,"1,476.28"
2014-02-11,"1,483.57"
2014-02-12,"1,496.03"
2014-02-13,"1,478.62"
2014-02-14,"1,496.18"
2014-02-17,"1,507.49"
2014-02-18,"1,504.24"
2014-02-19,"1,485.60"
2014-02-20,"1,480.99"
2014-02-21,"1,487.64"
2014-02-24,"1,489.01"
2014-02-25,"1,478.64"
2014-02-26,"1,469.51"
2014-02-27,"1,448.70"
2014-02-28,"1,444.71"
2014-03-03,"1,288.81"
2014-03-04,"1,356.54"
2014-03-05,"1,351.11"
2014-03-06,"1,337.98"
2014-03-07,"1,339.36"
2014-03-11,"1,308.70"
2014-03-12,"1,274.21"
2014-03-13,"1,248.56"
2014-03-14,"1,237.43"
2014-03-17,"1,283.70"
2014-03-18,"1,335.86"
2014-03-19,"1,319.02"
2014-03-20,"1,320.50"
2014-03-21,"1,307.34"
2014-03-24,"1,297.91"
2014-03-25,"1,324.44"
2014-03-26,"1,349.39"
2014-03-27,"1,331.93"
2014-03-28,"1,344.12"
2014-03-31,"1,369.29"
2014-04-01,"1,375.73"
2014-04-02,"1,373.33"
2014-04-03,"1,366.04"
2014-04-04,"1,382.41"
2014-04-07,"1,349.79"
2014-04-08,"1,352.33"
2014-04-09,"1,348.85"
2014-04-10,"1,367.71"
2014-04-11,"1,362.40"
2014-04-14,"1,344.86"
2014-04-15,"1,311.01"
2014-04-16,"1,322.60"
2014-04-17,"1,329.67"
2014-04-18,"1,356.54"
2014-04-21,"1,345.04"
2014-04-22,"1,335.62"
2014-04-23,"1,329.11"
2014-04-24,"1,300.54"
2014-04-25,"1,280.12"
2014-04-28,"1,299.13"
2014-04-29,"1,304.78"
2014-04-30,"1,306.01"
2014-05-02,"1,304.84"
2014-05-05,"1,298.29"
2014-05-06,"1,318.57"
2014-05-07,"1,363.48"
2014-05-08,"1,371.42"
2014-05-12,"1,375.31"
2014-05-13,"1,385.29"
2014-05-14,"1,389.11"
2014-05-15,"1,381.99"
2014-05-16,"1,392.30"
2014-05-19,"1,413.85"
2014-05-20,"1,425.58"
2014-05-21,"1,439.90"
2014-05-22,"1,430.54"
2014-05-23,"1,438.98"
2014-05-26,"1,449.36"
2014-05-27,"1,417.32"
2014-05-28,"1,425.95"
2014-05-29,"1,447.39"
2014-05-30,"1,432.03"
2014-06-02,"1,464.47"
2014-06-03,"1,472.83"
2014-06-04,"1,475.79"
2014-06-05,"1,470.70"
2014-06-06,"1,484.94"
2014-06-09,"1,485.39"
2014-06-10,"1,490.81"
2014-06-11,"1,501.18"
2014-06-16,"1,493.93"
2014-06-17,"1,486.38"
2014-06-18,"1,494.28"
2014-06-19,"1,495.09"
2014-06-20,"1,486.30"
2014-06-23,"1,486.30"
2014-06-24,"1,518.83"
2014-06-25,"1,481.95"
2014-06-26,"1,473.18"
2014-06-27,"1,477.32"
2014-06-30,"1,476.38"
2014-07-01,"1,482.92"
2014-07-02,"1,514.33"
2014-07-03,"1,514.47"
2014-07-04,"1,489.53"
2014-07-07,"1,513.72"
2014-07-08,"1,516.75"
2014-07-09,"1,513.38"
2014-07-10,"1,494.92"
2014-07-11,"1,499.82"
2014-07-14,"1,483.41"
2014-07-15,"1,475.77"
2014-07-16,"1,474.72"
2014-07-17,"1,440.63"
2014-07-18,"1,422.53"
2014-07-21,"1,384.50"
2014-07-22,"1,405.97"
2014-07-23,"1,406.58"
2014-07-24,"1,408.80"
2014-07-25,"1,388.41"
2014-07-28,"1,361.94"
2014-07-29,"1,369.83"
2014-07-30,"1,382.14"
2014-07-31,"1,379.61"
2014-08-01,"1,374.83"
2014-08-04,"1,378.98"
2014-08-05,"1,357.89"
2014-08-06,"1,334.66"
2014-08-07,"1,333.53"
2014-08-08,"1,348.21"
2014-08-11,"1,372.45"
2014-08-12,"1,374.19"
2014-08-13,"1,398.85"
2014-08-14,"1,407.53"
2014-08-15,"1,417.82"
2014-08-18,"1,425.18"
2014-08-19,"1,437.60"
2014-08-20,"1,447.50"
2014-08-21,"1,461.75"
2014-08-22,"1,446.60"
2014-08-25,"1,454.67"
2014-08-26,"1,443.32"
2014-08-27,"1,447.91"
2014-08-28,"1,423.78"
2014-08-29,"1,400.71"
2014-09-01,"1,392.40"
2014-09-02,"1,400.35"
2014-09-03,"1,449.29"
2014-09-04,"1,457.34"
2014-09-05,"1,474.71"
2014-09-08,"1,464.76"
2014-09-09,"1,468.17"
2014-09-10,"1,468.55"
2014-09-11,"1,449.63"
2014-09-12,"1,458.52"
2014-09-15,"1,454.19"
2014-09-16,"1,477.31"
2014-09-17,"1,449.37"
2014-09-18,"1,448.63"
2014-09-19,"1,431.58"
2014-09-22,"1,412.83"
2014-09-23,"1,429.45"
2014-09-24,"1,441.83"
2014-09-25,"1,436.05"
2014-09-26,"1,434.20"
2014-09-29,"1,408.28"
2014-09-30,"1,411.07"
2014-10-01,"1,399.99"
2014-10-02,"1,376.35"
2014-10-03,"1,384.66"
2014-10-06,"1,418.15"
2014-10-07,"1,403.48"
2014-10-08,"1,379.76"
2014-10-09,"1,384.33"
2014-10-10,"1,364.24"
2014-10-13,"1,383.93"
2014-10-14,"1,394.16"
2014-10-15,"1,377.09"
2014-10-16,"1,360.33"
2014-10-17,"1,384.72"
2014-10-20,"1,376.36"
2014-10-21,"1,383.35"
2014-10-22,"1,374.19"
2014-10-23,"1,372.92"
2014-10-24,"1,380.39"
2014-10-27,"1,394.27"
2014-10-28,"1,415.51"
2014-10-29,"1,439.58"
2014-10-30,"1,452.89"
2014-10-31,"1,488.47"
2014-11-03,"1,491.19"
2014-11-05,"1,495.26"
2014-11-06,"1,497.46"
2014-11-07,"1,497.11"
2014-11-10,"1,515.36"
2014-11-11,"1,514.78"
2014-11-12,"1,513.83"
2014-11-13,"1,492.27"
2014-11-14,"1,500.76"
2014-11-17,"1,507.10"
2014-11-18,"1,519.61"
2014-11-19,"1,517.97"
2014-11-20,"1,530.40"
2014-11-21,"1,538.93"
2014-11-24,"1,529.54"
2014-11-25,"1,529.57"
2014-11-26,"1,537.43"
2014-11-27,"1,531.69"
2014-11-28,"1,533.68"
2014-12-01,"1,578.38"
2014-12-02,"1,583.12"
2014-12-03,"1,606.84"
2014-12-04,"1,582.08"
2014-12-05,"1,529.20"
2014-12-08,"1,481.27"
2014-12-09,"1,475.22"
2014-12-10,"1,486.85"
2014-12-11,"1,455.04"
2014-12-12,"1,459.68"
2014-12-15,"1,424.99"
2014-12-16,"1,444.32"
2014-12-17,"1,413.79"
2014-12-18,"1,477.27"
2014-12-19,"1,449.13"
2014-12-22,"1,437.08"
2014-12-23,"1,398.20"
2014-12-24,"1,401.50"
2014-12-25,"1,408.54"
2014-12-26,"1,417.80"
2014-12-29,"1,432.94"
2014-12-30,"1,396.61"
2015-01-05,"1,435.66"
2015-01-06,"1,480.73"
2015-01-08,"1,547.39"
2015-01-09,"1,515.37"
2015-01-12,"1,513.22"
2015-01-13,"1,533.09"
2015-01-14,"1,554.46"
2015-01-15,"1,563.21"
2015-01-16,"1,591.43"
2015-01-19,"1,576.40"
2015-01-20,"1,570.97"
2015-01-21,"1,618.17"
2015-01-22,"1,666.56"
2015-01-23,"1,671.80"
2015-01-26,"1,642.37"
2015-01-27,"1,673.92"
2015-01-28,"1,647.71"
2015-01-29,"1,639.65"
2015-01-30,"1,647.69"
2015-02-02,"1,625.31"
2015-02-03,"1,654.36"
2015-02-04,"1,656.02"
2015-02-05,"1,696.06"
2015-02-06,"1,755.45"
2015-02-09,"1,748.55"
2015-02-10,"1,742.35"
2015-02-11,"1,763.60"
2015-02-12,"1,802.80"
2015-02-13,"1,838.18"
2015-02-16,"1,800.59"
2015-02-17,"1,793.82"
2015-02-18,"1,809.67"
2015-02-19,"1,797.87"
2015-02-20,"1,792.70"
2015-02-24,"1,772.16"
2015-02-25,"1,746.23"
2015-02-26,"1,760.66"
2015-02-27,"1,758.97"
2015-03-02,"1,783.34"
2015-03-03,"1,807.70"
2015-03-04,"1,759.35"
2015-03-05,"1,760.55"
2015-03-06,"1,728.55"
2015-03-10,"1,665.38"
2015-03-11,"1,671.47"
2015-03-12,"1,664.70"
2015-03-13,"1,627.88"
2015-03-16,"1,609.85"
2015-03-17,"1,611.69"
2015-03-18,"1,632.12"
2015-03-19,"1,607.97"
2015-03-20,"1,628.64"
2015-03-23,"1,602.85"
2015-03-24,"1,618.62"
2015-03-25,"1,615.50"
2015-03-26,"1,581.84"
2015-03-27,"1,571.55"
2015-03-30,"1,612.84"
2015-03-31,"1,626.18"
2015-04-01,"1,661.90"
2015-04-02,"1,679.24"
2015-04-03,"1,681.47"
2015-04-06,"1,700.64"
2015-04-07,"1,695.64"
2015-04-08,"1,683.63"
2015-04-09,"1,667.60"
2015-04-10,"1,657.02"
2015-04-13,"1,678.19"
2015-04-14,"1,647.39"
2015-04-15,"1,677.70"
2015-04-16,"1,686.79"
2015-04-17,"1,656.59"
2015-04-20,"1,683.24"
2015-04-21,"1,710.24"
2015-04-22,"1,677.56"
2015-04-23,"1,662.64"
2015-04-24,"1,682.70"
2015-04-27,"1,677.22"
2015-04-28,"1,677.89"
2015-04-29,"1,670.99"
2015-04-30,"1,688.34"
2015-05-05,"1,721.80"
2015-05-06,"1,714.31"
2015-05-07,"1,686.98"
2015-05-08,"1,708.52"
2015-05-12,"1,704.62"
2015-05-13,"1,682.26"
2015-05-14,"1,677.57"
2015-05-15,"1,691.46"
2015-05-18,"1,678.55"
2015-05-19,"1,659.36"
2015-05-20,"1,636.86"
2015-05-21,"1,659.33"
2015-05-22,"1,665.66"
2015-05-25,"1,655.40"
2015-05-26,"1,651.66"
2015-05-27,"1,660.98"
2015-05-28,"1,657.62"
2015-05-29,"1,609.19"
2015-06-01,"1,616.94"
2015-06-02,"1,643.41"
2015-06-03,"1,628.87"
2015-06-04,"1,638.07"
2015-06-05,"1,652.07"
2015-06-08,"1,646.89"
2015-06-09,"1,664.01"
2015-06-10,"1,653.09"
2015-06-11,"1,652.24"
2015-06-15,"1,657.29"
2015-06-16,"1,668.82"
2015-06-17,"1,664.66"
2015-06-18,"1,660.14"
2015-06-19,"1,663.03"
2015-06-22,"1,671.80"
2015-06-23,"1,657.23"
2015-06-24,"1,651.85"
2015-06-25,"1,631.99"
2015-06-26,"1,644.45"
2015-06-29,"1,634.93"
2015-06-30,"1,654.55"
2015-07-01,"1,639.70"
2015-07-02,"1,641.05"
2015-07-03,"1,631.65"
2015-07-06,"1,621.27"
2015-07-07,"1,614.14"
2015-07-08,"1,595.00"
2015-07-09,"1,614.59"
2015-07-10,"1,623.99"
2015-07-13,"1,642.97"
2015-07-14,"1,647.01"
2015-07-15,"1,641.22"
2015-07-16,"1,652.59"
2015-07-17,"1,650.08"
2015-07-20,"1,626.76"
2015-07-21,"1,635.69"
2015-07-22,"1,635.63"
2015-07-23,"1,616.14"
2015-07-24,"1,595.61"
2015-07-27,"1,584.92"
2015-07-28,"1,604.50"
2015-07-29,"1,622.32"
2015-07-30,"1,636.72"
2015-07-31,"1,669.00"
2015-08-03,"1,663.74"
2015-08-04,"1,674.46"
2015-08-05,"1,693.07"
2015-08-06,"1,675.71"
2015-08-07,"1,690.44"
2015-08-10,"1,702.02"
2015-08-11,"1,697.87"
2015-08-12,"1,697.65"
2015-08-13,"1,704.11"
2015-08-14,"1,712.47"
2015-08-17,"1,707.95"
2015-08-18,"1,691.24"
2015-08-19,"1,673.86"
2015-08-20,"1,695.57"
2015-08-21,"1,663.31"
2015-08-24,"1,634.14"
2015-08-25,"1,658.13"
2015-08-26,"1,660.95"
2015-08-27,"1,695.22"
2015-08-28,"1,719.16"
2015-08-31,"1,733.17"
2015-09-01,"1,697.99"
2015-09-02,"1,690.82"
2015-09-03,"1,710.57"
2015-09-04,"1,698.16"
2015-09-07,"1,701.18"
2015-09-08,"1,714.18"
2015-09-09,"1,722.43"
2015-09-10,"1,718.90"
2015-09-11,"1,718.06"
2015-09-14,"1,729.75"
2015-09-15,"1,716.26"
2015-09-16,"1,731.81"
2015-09-17,"1,729.20"
2015-09-18,"1,710.84"
2015-09-21,"1,699.72"
2015-09-22,"1,664.25"
2015-09-23,"1,640.70"
2015-09-24,"1,621.43"
2015-09-25,"1,639.64"
2015-09-28,"1,616.36"
2015-09-29,"1,630.51"
2015-09-30,"1,642.97"
2015-10-01,"1,626.97"
2015-10-02,"1,612.56"
2015-10-05,"1,652.47"
2015-10-06,"1,670.69"
2015-10-07,"1,679.49"
2015-10-08,"1,689.32"
2015-10-09,"1,728.44"
2015-10-12,"1,710.60"
2015-10-13,"1,720.81"
2015-10-14,"1,723.01"
2015-10-15,"1,731.91"
2015-10-16,"1,717.00"
2015-10-19,"1,716.08"
2015-10-20,"1,722.62"
2015-10-21,"1,709.94"
2015-10-22,"1,712.10"
2015-10-23,"1,725.45"
2015-10-26,"1,712.13"
2015-10-27,"1,725.89"
2015-10-28,"1,726.61"
2015-10-29,"1,708.60"
2015-10-30,"1,711.53"
2015-11-02,"1,735.75"
2015-11-03,"1,763.60"
2015-11-05,"1,766.28"
2015-11-06,"1,754.36"
2015-11-09,"1,751.44"
2015-11-10,"1,746.94"
2015-11-11,"1,740.56"
2015-11-12,"1,739.96"
2015-11-13,"1,728.17"
2015-11-16,"1,739.80"
2015-11-17,"1,787.23"
2015-11-18,"1,810.48"
2015-11-19,"1,811.20"
2015-11-20,"1,826.72"
2015-11-23,"1,868.07"
2015-11-24,"1,810.05"
2015-11-25,"1,833.53"
2015-11-26,"1,828.30"
2015-11-27,"1,795.70"
2015-11-30,"1,771.05"
2015-12-01,"1,772.97"
2015-12-02,"1,770.13"
2015-12-03,"1,787.23"
2015-12-04,"1,755.22"
2015-12-07,"1,741.14"
2015-12-08,"1,718.77"
2015-12-09,"1,733.09"
2015-12-10,"1,732.89"
2015-12-11,"1,720.31"
2015-12-14,"1,708.70"
2015-12-15,"1,742.46"
2015-12-16,"1,754.71"
2015-12-17,"1,780.97"
2015-12-18,"1,719.16"
2015-12-21,"1,716.91"
2015-12-22,"1,723.35"
2015-12-23,"1,747.85"
2015-12-24,"1,742.71"
2015-12-25,"1,734.21"
2015-12-28,"1,731.20"
2015-12-29,"1,763.38"
2015-12-30,"1,761.36"
2016-01-04,"1,734.56"
2016-01-05,"1,754.13"
2016-01-06,"1,748.57"
2016-01-11,"1,682.54"
2016-01-12,"1,690.30"
2016-01-13,"1,684.78"
2016-01-14,"1,680.77"
2016-01-15,"1,608.36"
2016-01-18,"1,622.43"
2016-01-19,"1,645.56"
2016-01-20,"1,630.39"
2016-01-21,"1,677.19"
2016-01-22,"1,717.98"
2016-01-25,"1,716.56"
2016-01-26,"1,705.01"
2016-01-27,"1,747.57"
2016-01-28,"1,771.93"
2016-01-29,"1,784.92"
2016-02-01,"1,773.21"
2016-02-02,"1,758.26"
2016-02-03,"1,746.35"
2016-02-04,"1,787.93"
2016-02-05,"1,780.59"
2016-02-08,"1,744.27"
2016-02-09,"1,723.36"
2016-02-10,"1,730.83"
2016-02-11,"1,711.58"
2016-02-12,"1,726.04"
2016-02-15,"1,738.54"
2016-02-16,"1,753.86"
2016-02-17,"1,770.31"
2016-02-18,"1,807.21"
2016-02-19,"1,793.37"
2016-02-20,"1,790.15"
2016-02-22,"1,822.38"
2016-02-24,"1,797.27"
2016-02-25,"1,803.89"
2016-02-26,"1,816.73"
2016-02-29,"1,840.17"
2016-03-01,"1,844.17"
2016-03-02,"1,832.84"
2016-03-03,"1,858.69"
2016-03-04,"1,878.29"
2016-03-07,"1,909.57"
2016-03-09,"1,883.00"
2016-03-10,"1,884.63"
2016-03-11,"1,876.54"
2016-03-14,"1,865.31"
2016-03-15,"1,855.06"
2016-03-16,"1,871.20"
2016-03-17,"1,890.79"
2016-03-18,"1,914.02"
2016-03-21,"1,904.50"
2016-03-22,"1,903.47"
2016-03-23,"1,879.89"
2016-03-24,"1,866.67"
2016-03-25,"1,866.23"
2016-03-28,"1,849.31"
2016-03-29,"1,845.20"
2016-03-30,"1,868.10"
2016-03-31,"1,871.15"
2016-04-01,"1,856.77"
2016-04-04,"1,866.64"
2016-04-05,"1,857.09"
2016-04-06,"1,860.17"
2016-04-07,"1,858.85"
2016-04-08,"1,877.27"
2016-04-11,"1,906.90"
2016-04-12,"1,899.26"
2016-04-13,"1,932.80"
2016-04-14,"1,915.85"
2016-04-15,"1,907.78"
2016-04-18,"1,892.64"
2016-04-19,"1,930.14"
2016-04-20,"1,960.18"
2016-04-21,"1,950.08"
2016-04-22,"1,967.26"
2016-04-25,"1,955.47"
2016-04-26,"1,946.55"
2016-04-27,"1,934.77"
2016-04-28,"1,969.89"
2016-04-29,"1,953.05"
2016-05-04,"1,925.58"
2016-05-05,"1,906.48"
2016-05-06,"1,901.56"
2016-05-10,"1,885.34"
2016-05-11,"1,909.05"
2016-05-12,"1,901.90"
2016-05-13,"1,907.19"
2016-05-16,"1,915.33"
2016-05-17,"1,909.00"
2016-05-18,"1,917.24"
2016-05-19,"1,891.52"
2016-05-20,"1,891.33"
2016-05-23,"1,868.43"
2016-05-24,"1,884.12"
2016-05-25,"1,898.75"
2016-05-26,"1,914.31"
2016-05-27,"1,927.58"
2016-05-30,"1,935.54"
2016-05-31,"1,899.01"
2016-06-01,"1,893.18"
2016-06-02,"1,890.78"
2016-06-03,"1,886.84"
2016-06-06,"1,915.54"
2016-06-07,"1,951.26"
2016-06-08,"1,951.55"
2016-06-09,"1,934.92"
2016-06-10,"1,903.61"
2016-06-14,"1,885.92"
2016-06-15,"1,889.75"
2016-06-16,"1,869.78"
2016-06-17,"1,877.07"
2016-06-20,"1,902.70"
2016-06-21,"1,904.02"
2016-06-22,"1,896.70"
2016-06-23,"1,919.27"
2016-06-24,"1,884.41"
2016-06-27,"1,841.73"
2016-06-28,"1,857.23"
2016-06-29,"1,888.15"
2016-06-30,"1,891.09"
2016-07-01,"1,896.62"
2016-07-04,"1,907.48"
2016-07-05,"1,895.64"
2016-07-06,"1,879.42"
2016-07-07,"1,882.41"
2016-07-08,"1,894.35"
2016-07-11,"1,913.12"
2016-07-12,"1,938.36"
2016-07-13,"1,935.88"
2016-07-14,"1,942.46"
2016-07-15,"1,940.85"
2016-07-18,"1,936.07"
2016-07-19,"1,915.89"
2016-07-20,"1,915.09"
2016-07-21,"1,927.70"
2016-07-22,"1,926.90"
2016-07-25,"1,931.78"
2016-07-26,"1,938.52"
2016-07-27,"1,938.65"
2016-07-28,"1,954.45"
2016-07-29,"1,944.62"
2016-08-01,"1,947.36"
2016-08-02,"1,912.69"
2016-08-03,"1,919.15"
2016-08-04,"1,944.94"
2016-08-05,"1,944.31"
2016-08-08,"1,956.99"
2016-08-09,"1,956.42"
2016-08-10,"1,942.67"
2016-08-11,"1,952.18"
2016-08-12,"1,967.18"
2016-08-15,"1,977.28"
2016-08-16,"1,975.80"
2016-08-17,"1,969.19"
2016-08-18,"1,970.07"
2016-08-19,"1,959.72"
2016-08-22,"1,979.09"
2016-08-23,"1,989.51"
2016-08-24,"1,983.59"
2016-08-25,"1,985.56"
2016-08-26,"1,993.35"
2016-08-29,"1,986.72"
2016-08-30,"1,985.69"
2016-08-31,"1,971.59"
2016-09-01,"1,976.91"
2016-09-02,"2,003.77"
2016-09-05,"2,017.38"
2016-09-06,"2,039.53"
2016-09-07,"2,053.75"
2016-09-08,"2,050.77"
2016-09-09,"2,028.25"
2016-09-12,"2,019.90"
2016-09-13,"2,004.50"
2016-09-14,"2,004.48"
2016-09-15,"1,996.58"
2016-09-16,"1,981.96"
2016-09-19,"1,986.97"
2016-09-20,"1,991.78"
2016-09-21,"1,997.67"
2016-09-22,"2,025.30"
2016-09-23,"2,011.83"
2016-09-26,"1,997.94"
2016-09-27,"1,975.52"
2016-09-28,"1,980.68"
2016-09-29,"1,996.12"
2016-09-30,"1,978.00"
2016-10-03,"1,986.80"
2016-10-04,"1,985.02"
2016-10-05,"1,975.85"
2016-10-06,"1,983.88"
2016-10-07,"1,980.02"
2016-10-10,"2,001.10"
2016-10-11,"2,001.42"
2016-10-12,"1,993.35"
2016-10-13,"1,976.37"
2016-10-14,"1,966.39"
2016-10-17,"1,956.95"
2016-10-18,"1,969.11"
2016-10-19,"1,967.50"
2016-10-20,"1,957.09"
2016-10-21,"1,957.70"
2016-10-24,"1,962.79"
2016-10-25,"1,977.19"
2016-10-26,"1,974.81"
2016-10-27,"1,979.80"
2016-10-28,"1,981.76"
2016-10-31,"1,989.64"
2016-11-01,"1,996.87"
2016-11-02,"1,968.77"
2016-11-03,"1,962.71"
2016-11-07,"1,952.69"
2016-11-08,"1,967.93"
2016-11-09,"2,011.58"
2016-11-10,"2,044.03"
2016-11-11,"2,031.92"
2016-11-14,"2,021.99"
2016-11-15,"2,017.06"
2016-11-16,"2,028.92"
2016-11-17,"2,042.76"
2016-11-18,"2,038.29"
2016-11-21,"2,058.77"
2016-11-22,"2,066.18"
2016-11-23,"2,085.75"
2016-11-24,"2,102.97"
2016-11-25,"2,098.15"
2016-11-28,"2,094.65"
2016-11-29,"2,086.84"
2016-11-30,"2,104.91"
2016-12-01,"2,121.87"
2016-12-02,"2,128.99"
2016-12-05,"2,158.33"
2016-12-06,"2,152.35"
2016-12-07,"2,160.51"
2016-12-08,"2,207.02"
2016-12-09,"2,208.53"
2016-12-12,"2,226.89"
2016-12-13,"2,247.02"
2016-12-14,"2,229.05"
2016-12-15,"2,237.23"
2016-12-16,"2,231.41"
2016-12-19,"2,215.69"
2016-12-20,"2,226.36"
2016-12-21,"2,212.33"
2016-12-22,"2,174.64"
2016-12-23,"2,173.18"
2016-12-26,"2,177.86"
2016-12-27,"2,189.43"
2016-12-28,"2,182.98"
2016-12-29,"2,206.33"
2016-12-30,"2,232.72"
2017-01-03,"2,285.43"
2017-01-04,"2,263.90"
2017-01-05,"2,220.35"
2017-01-06,"2,213.93"
2017-01-09,"2,211.25"
2017-01-10,"2,237.49"
2017-01-11,"2,218.61"
2017-01-12,"2,212.00"
2017-01-13,"2,195.19"
2017-01-16,"2,189.07"
2017-01-17,"2,178.73"
2017-01-18,"2,170.09"
2017-01-19,"2,162.25"
2017-01-20,"2,159.96"
2017-01-23,"2,146.09"
2017-01-24,"2,174.59"
2017-01-25,"2,176.00"
2017-01-26,"2,229.20"
2017-01-27,"2,266.05"
2017-01-30,"2,234.14"
2017-01-31,"2,217.39"
2017-02-01,"2,231.68"
2017-02-02,"2,217.56"
2017-02-03,"2,226.61"
2017-02-06,"2,210.51"
2017-02-07,"2,218.77"
2017-02-08,"2,189.61"
2017-02-09,"2,173.98"
2017-02-10,"2,162.19"
2017-02-13,"2,161.49"
2017-02-14,"2,141.50"
2017-02-15,"2,137.08"
2017-02-16,"2,148.48"
2017-02-17,"2,128.21"
2017-02-20,"2,119.09"
2017-02-21,"2,127.72"
2017-02-22,"2,106.30"
2017-02-24,"2,093.09"
2017-02-27,"2,056.46"
2017-02-28,"2,035.77"
2017-03-01,"2,059.87"
2017-03-02,"2,049.00"
2017-03-03,"2,056.89"
2017-03-06,"2,047.42"
2017-03-07,"2,024.84"
2017-03-09,"1,974.24"
2017-03-10,"1,973.96"
2017-03-13,"2,000.14"
2017-03-14,"2,001.25"
2017-03-15,"1,992.59"
2017-03-16,"2,014.37"
2017-03-17,"2,036.96"
2017-03-20,"2,042.72"
2017-03-21,"2,048.07"
2017-03-22,"2,061.53"
2017-03-23,"2,051.04"
2017-03-24,"2,039.77"
2017-03-27,"2,013.16"
2017-03-28,"2,032.54"
2017-03-29,"2,023.71"
2017-03-30,"2,021.88"
2017-03-31,"1,995.90"
2017-04-03,"2,008.61"
2017-04-04,"2,025.69"
2017-04-05,"2,056.32"
2017-04-06,"2,054.69"
2017-04-07,"2,020.23"
2017-04-10,"1,971.23"
2017-04-11,"1,977.95"
2017-04-12,"1,947.88"
2017-04-13,"1,944.70"
2017-04-14,"1,916.29"
2017-04-17,"1,942.72"
2017-04-18,"1,920.29"
2017-04-19,"1,916.50"
2017-04-20,"1,932.17"
2017-04-21,"1,944.72"
2017-04-24,"1,979.57"
2017-04-25,"1,998.41"
2017-04-26,"2,026.92"
2017-04-27,"2,011.67"
2017-04-28,"2,016.71"
2017-05-02,"2,026.85"
2017-05-03,"1,993.66"
2017-05-04,"1,998.87"
2017-05-05,"2,002.41"
2017-05-10,"2,028.21"
2017-05-11,"2,002.54"
2017-05-12,"1,994.58"
2017-05-15,"2,003.12"
2017-05-16,"1,992.94"
2017-05-17,"1,994.35"
2017-05-18,"1,967.66"
2017-05-19,"1,962.40"
2017-05-22,"1,950.51"
2017-05-23,"1,960.16"
2017-05-24,"1,951.98"
2017-05-25,"1,947.26"
2017-05-26,"1,934.25"
2017-05-29,"1,940.77"
2017-05-30,"1,932.91"
2017-05-31,"1,900.38"
2017-06-01,"1,869.66"
2017-06-02,"1,881.87"
2017-06-05,"1,877.69"
2017-06-06,"1,870.04"
2017-06-07,"1,868.42"
2017-06-08,"1,874.21"
2017-06-09,"1,883.34"
2017-06-13,"1,861.27"
2017-06-14,"1,838.32"
2017-06-15,"1,817.82"
2017-06-16,"1,822.91"
2017-06-19,"1,849.78"
2017-06-20,"1,857.96"
2017-06-21,"1,850.81"
2017-06-22,"1,860.05"
2017-06-23,"1,867.46"
2017-06-26,"1,860.39"
2017-06-27,"1,878.94"
2017-06-28,"1,891.98"
2017-06-29,"1,881.04"
2017-06-30,"1,879.50"
2017-07-03,"1,902.59"
2017-07-04,"1,917.40"
2017-07-05,"1,921.38"
2017-07-06,"1,923.22"
2017-07-07,"1,912.48"
2017-07-10,"1,925.74"
2017-07-11,"1,937.64"
2017-07-12,"1,954.39"
2017-07-13,"1,959.91"
2017-07-14,"1,960.69"
2017-07-17,"1,959.11"
2017-07-18,"1,947.71"
2017-07-19,"1,951.89"
2017-07-20,"1,946.51"
2017-07-21,"1,925.13"
2017-07-24,"1,931.75"
2017-07-25,"1,923.73"
2017-07-26,"1,933.10"
2017-07-27,"1,945.12"
2017-07-28,"1,916.75"
2017-07-31,"1,919.53"
2017-08-01,"1,940.14"
2017-08-02,"1,965.48"
2017-08-03,"1,965.29"
2017-08-04,"1,953.49"
2017-08-07,"1,970.37"
2017-08-08,"1,989.61"
2017-08-09,"1,975.91"
2017-08-10,"1,960.23"
2017-08-11,"1,944.83"
2017-08-14,"1,951.75"
2017-08-15,"1,950.28"
2017-08-16,"1,942.88"
2017-08-17,"1,941.52"
2017-08-18,"1,930.71"
2017-08-21,"1,937.66"
2017-08-22,"1,947.40"
2017-08-23,"1,958.52"
2017-08-24,"1,973.50"
2017-08-25,"1,979.14"
2017-08-28,"1,987.15"
2017-08-29,"1,989.12"
2017-08-30,"2,008.88"
2017-08-31,"2,022.22"
2017-09-01,"2,010.98"
2017-09-04,"2,003.32"
2017-09-05,"2,004.02"
2017-09-06,"2,014.60"
2017-09-07,"2,010.17"
2017-09-08,"2,032.75"
2017-09-11,"2,044.13"
2017-09-12,"2,058.80"
2017-09-13,"2,054.19"
2017-09-14,"2,052.25"
2017-09-15,"2,053.81"
2017-09-18,"2,059.08"
2017-09-19,"2,048.99"
2017-09-20,"2,057.53"
2017-09-21,"2,060.24"
2017-09-22,"2,051.63"
2017-09-25,"2,069.11"
2017-09-26,"2,071.13"
2017-09-27,"2,081.12"
2017-09-28,"2,071.64"
2017-09-29,"2,077.19"
2017-10-02,"2,075.72"
2017-10-03,"2,076.81"
2017-10-04,"2,077.09"
2017-10-05,"2,088.32"
2017-10-06,"2,093.86"
2017-10-09,"2,096.29"
2017-10-10,"2,086.91"
2017-10-11,"2,101.07"
2017-10-12,"2,094.96"
2017-10-13,"2,098.77"
2017-10-16,"2,106.39"
2017-10-17,"2,092.57"
2017-10-18,"2,094.40"
2017-10-19,"2,072.73"
2017-10-20,"2,071.83"
2017-10-23,"2,063.81"
2017-10-24,"2,061.79"
2017-10-25,"2,049.48"
2017-10-26,"2,046.69"
2017-10-27,"2,068.76"
2017-10-30,"2,065.25"
2017-10-31,"2,064.31"
2017-11-01,"2,082.73"
2017-11-02,"2,073.04"
2017-11-03,"2,081.15"
2017-11-07,"2,155.55"
2017-11-08,"2,163.01"
2017-11-09,"2,183.61"
2017-11-10,"2,169.26"
2017-11-13,"2,167.63"
2017-11-14,"2,166.83"
2017-11-15,"2,131.75"
2017-11-16,"2,132.65"
2017-11-17,"2,131.91"
2017-11-20,"2,130.39"
2017-11-21,"2,155.82"
2017-11-22,"2,160.16"
2017-11-23,"2,148.56"
2017-11-24,"2,161.17"
2017-11-27,"2,145.87"
2017-11-28,"2,149.45"
2017-11-29,"2,124.08"
2017-11-30,"2,100.62"
2017-12-01,"2,105.99"
2017-12-04,"2,119.42"
2017-12-05,"2,113.69"
2017-12-06,"2,124.12"
2017-12-07,"2,103.15"
2017-12-08,"2,104.99"
2017-12-11,"2,148.60"
2017-12-12,"2,160.75"
2017-12-13,"2,131.94"
2017-12-14,"2,152.41"
2017-12-15,"2,143.99"
2017-12-18,"2,134.58"
2017-12-19,"2,118.16"
2017-12-20,"2,102.97"
2017-12-21,"2,093.38"
2017-12-22,"2,102.94"
2017-12-25,"2,105.06"
2017-12-26,"2,097.03"
2017-12-27,"2,106.17"
2017-12-28,"2,102.89"
2017-12-29,"2,109.74"
2018-01-03,"2,152.97"
2018-01-04,"2,197.60"
2018-01-05,"2,207.41"
2018-01-09,"2,225.39"
2018-01-10,"2,232.27"
2018-01-11,"2,246.45"
2018-01-12,"2,262.38"
2018-01-15,"2,261.53"
2018-01-16,"2,257.89"
2018-01-17,"2,277.89"
2018-01-18,"2,297.47"
2018-01-19,"2,286.33"
2018-01-22,"2,308.61"
2018-01-23,"2,298.95"
2018-01-24,"2,306.99"
2018-01-25,"2,320.03"
2018-01-26,"2,295.26"
2018-01-29,"2,284.27"
2018-01-30,"2,280.36"
2018-01-31,"2,289.99"
2018-02-01,"2,302.57"
2018-02-02,"2,281.84"
2018-02-05,"2,276.85"
2018-02-06,"2,238.24"
2018-02-07,"2,254.64"
2018-02-08,"2,227.24"
2018-02-09,"2,197.12"
2018-02-12,"2,220.12"
2018-02-13,"2,250.63"
2018-02-14,"2,257.95"
2018-02-15,"2,265.45"
2018-02-16,"2,255.27"
2018-02-19,"2,254.92"
2018-02-20,"2,270.12"
2018-02-21,"2,320.32"
2018-02-22,"2,336.82"
2018-02-26,"2,353.16"
2018-02-27,"2,341.89"
2018-02-28,"2,296.80"
2018-03-01,"2,297.90"
2018-03-02,"2,288.84"
2018-03-05,"2,309.53"
2018-03-06,"2,303.32"
2018-03-07,"2,291.23"
2018-03-09,"2,311.69"
2018-03-12,"2,318.01"
2018-03-13,"2,319.38"
2018-03-14,"2,275.24"
2018-03-15,"2,272.49"
2018-03-16,"2,294.60"
2018-03-19,"2,281.72"
2018-03-20,"2,291.18"
2018-03-21,"2,309.36"
2018-03-22,"2,285.76"
2018-03-23,"2,285.53"
2018-03-26,"2,240.85"
2018-03-27,"2,262.50"
2018-03-28,"2,249.23"
2018-03-29,"2,274.62"
2018-03-30,"2,270.98"
2018-04-02,"2,256.64"
2018-04-03,"2,263.85"
2018-04-04,"2,265.60"
2018-04-05,"2,296.25"
2018-04-06,"2,281.23"
2018-04-09,"2,090.88"
2018-04-10,"2,173.76"
2018-04-11,"2,192.15"
2018-04-12,"2,210.05"
2018-04-13,"2,175.16"
2018-04-16,"2,143.67"
2018-04-17,"2,191.19"
2018-04-18,"2,241.49"
2018-04-19,"2,230.55"
2018-04-20,"2,232.66"
2018-04-23,"2,250.99"
2018-04-24,"2,253.77"
2018-04-25,"2,253.50"
2018-04-26,"2,286.02"
2018-04-27,"2,301.49"
2018-04-28,"2,297.30"
2018-04-30,"2,307.02"
2018-05-02,"2,306.42"
2018-05-03,"2,274.07"
2018-05-04,"2,289.47"
2018-05-07,"2,297.12"
2018-05-08,"2,301.99"
2018-05-10,"2,312.92"
2018-05-11,"2,345.26"
2018-05-14,"2,357.62"
2018-05-15,"2,337.03"
2018-05-16,"2,338.39"
2018-05-17,"2,323.51"
2018-05-18,"2,326.94"
2018-05-21,"2,332.63"
2018-05-22,"2,326.87"
2018-05-23,"2,295.57"
2018-05-24,"2,294.01"
2018-05-25,"2,306.57"
2018-05-28,"2,311.28"
2018-05-29,"2,298.00"
2018-05-30,"2,297.60"
2018-05-31,"2,302.88"
2018-06-01,"2,295.34"
2018-06-04,"2,323.64"
2018-06-05,"2,318.23"
2018-06-06,"2,315.45"
2018-06-07,"2,316.07"
2018-06-08,"2,267.92"
2018-06-09,"2,281.51"
2018-06-11,"2,271.74"
2018-06-13,"2,270.73"
2018-06-14,"2,253.48"
2018-06-15,"2,237.53"
2018-06-18,"2,222.56"
2018-06-19,"2,221.42"
2018-06-20,"2,256.27"
2018-06-21,"2,245.94"
2018-06-22,"2,249.68"
2018-06-25,"2,236.65"
2018-06-26,"2,231.03"
2018-06-27,"2,253.60"
2018-06-28,"2,250.26"
2018-06-29,"2,295.95"
2018-07-02,"2,319.31"
2018-07-03,"2,301.65"
2018-07-04,"2,304.06"
2018-07-05,"2,346.86"
2018-07-06,"2,345.38"
2018-07-09,"2,373.17"
2018-07-10,"2,365.17"
2018-07-11,"2,336.15"
2018-07-12,"2,322.06"
2018-07-13,"2,346.43"
2018-07-16,"2,334.18"
2018-07-17,"2,310.92"
2018-07-18,"2,294.78"
2018-07-19,"2,269.45"
2018-07-20,"2,247.82"
2018-07-23,"2,261.25"
2018-07-24,"2,278.30"
2018-07-25,"2,282.84"
2018-07-26,"2,293.07"
2018-07-27,"2,292.72"
2018-07-30,"2,295.72"
2018-07-31,"2,321.11"
2018-08-01,"2,315.18"
2018-08-02,"2,295.15"
2018-08-03,"2,297.99"
2018-08-06,"2,299.88"
2018-08-07,"2,312.19"
2018-08-08,"2,293.01"
2018-08-09,"2,309.58"
2018-08-10,"2,275.05"
2018-08-13,"2,285.61"
2018-08-14,"2,282.88"
2018-08-15,"2,267.13"
2018-08-16,"2,261.09"
2018-08-17,"2,255.12"
2018-08-20,"2,272.49"
2018-08-21,"2,291.76"
2018-08-22,"2,297.06"
2018-08-23,"2,260.04"
2018-08-24,"2,279.76"
2018-08-27,"2,312.93"
2018-08-28,"2,316.28"
2018-08-29,"2,348.44"
2018-08-30,"2,330.92"
2018-08-31,"2,345.85"
2018-09-03,"2,346.08"
2018-09-04,"2,336.38"
2018-09-05,"2,321.33"
2018-09-06,"2,320.65"
2018-09-07,"2,321.82"
2018-09-10,"2,335.85"
2018-09-11,"2,335.19"
2018-09-12,"2,340.63"
2018-09-13,"2,357.32"
2018-09-14,"2,360.26"
2018-09-17,"2,373.75"
2018-09-18,"2,402.58"
2018-09-19,"2,404.42"
2018-09-20,"2,400.89"
2018-09-21,"2,426.80"
2018-09-24,"2,430.01"
2018-09-25,"2,444.22"
2018-09-26,"2,427.29"
2018-09-27,"2,474.57"
2018-09-28,"2,475.36"
2018-10-01,"2,472.22"
2018-10-02,"2,449.70"
2018-10-03,"2,493.91"
2018-10-04,"2,465.03"
2018-10-05,"2,450.90"
2018-10-08,"2,454.28"
2018-10-09,"2,443.83"
2018-10-10,"2,417.69"
2018-10-11,"2,366.47"
2018-10-12,"2,403.02"
2018-10-15,"2,389.05"
2018-10-16,"2,417.26"
2018-10-17,"2,411.42"
2018-10-18,"2,378.62"
2018-10-19,"2,344.79"
2018-10-22,"2,308.56"
2018-10-23,"2,305.58"
2018-10-24,"2,336.49"
2018-10-25,"2,331.59"
2018-10-26,"2,293.22"
2018-10-29,"2,317.06"
2018-10-30,"2,299.98"
2018-10-31,"2,352.71"
2018-11-01,"2,359.33"
2018-11-02,"2,377.95"
2018-11-06,"2,412.31"
2018-11-07,"2,445.34"
2018-11-08,"2,438.62"
2018-11-09,"2,403.47"
2018-11-12,"2,393.81"
2018-11-13,"2,374.94"
2018-11-14,"2,378.59"
2018-11-15,"2,381.45"
2018-11-16,"2,372.67"
2018-11-19,"2,373.78"
2018-11-20,"2,341.60"
2018-11-21,"2,357.97"
2018-11-22,"2,369.53"
2018-11-23,"2,342.97"
2018-11-26,"2,308.50"
2018-11-27,"2,338.71"
2018-11-28,"2,381.12"
2018-11-29,"2,398.56"
2018-11-30,"2,392.50"
2018-12-03,"2,441.19"
2018-12-04,"2,443.38"
2018-12-05,"2,445.55"
2018-12-06,"2,412.31"
2018-12-07,"2,431.29"
2018-12-10,"2,396.84"
2018-12-11,"2,394.26"
2018-12-12,"2,370.35"
2018-12-13,"2,378.50"
2018-12-14,"2,365.69"
2018-12-17,"2,359.13"
2018-12-18,"2,350.29"
2018-12-19,"2,358.58"
2018-12-20,"2,352.88"
2018-12-21,"2,347.17"
2018-12-24,"2,322.27"
2018-12-25,"2,290.86"
2018-12-26,"2,308.85"
2018-12-27,"2,327.81"
2018-12-28,"2,358.50"
2018-12-29,"2,369.33"
2019-01-03,"2,375.60"
2019-01-04,"2,406.50"
2019-01-08,"2,389.69"
2019-01-09,"2,414.13"
2019-01-10,"2,434.15"
2019-01-11,"2,444.45"
2019-01-14,"2,440.15"
2019-01-15,"2,439.55"
2019-01-16,"2,434.60"
2019-01-17,"2,447.64"
2019-01-18,"2,473.61"
2019-01-21,"2,468.25"
2019-01-22,"2,468.73"
2019-01-23,"2,491.49"
2019-01-24,"2,482.71"
2019-01-25,"2,498.23"
2019-01-28,"2,476.81"
2019-01-29,"2,498.35"
2019-01-30,"2,511.86"
2019-01-31,"2,521.10"
2019-02-01,"2,521.70"
2019-02-04,"2,523.52"
2019-02-05,"2,547.27"
2019-02-06,"2,539.73"
2019-02-07,"2,509.89"
2019-02-08,"2,502.82"
2019-02-11,"2,510.22"
2019-02-12,"2,533.32"
2019-02-13,"2,485.76"
2019-02-14,"2,460.82"
2019-02-15,"2,490.16"
2019-02-18,"2,472.41"
2019-02-19,"2,458.55"
2019-02-20,"2,487.82"
2019-02-21,"2,470.23"
2019-02-22,"2,488.63"
2019-02-25,"2,494.63"
2019-02-26,"2,494.02"
2019-02-27,"2,490.65"
2019-02-28,"2,485.27"
2019-03-01,"2,478.01"
2019-03-04,"2,473.79"
2019-03-05,"2,466.23"
2019-03-06,"2,494.04"
2019-03-07,"2,476.64"
2019-03-11,"2,465.94"
2019-03-12,"2,468.25"
2019-03-13,"2,470.61"
2019-03-14,"2,457.79"
2019-03-15,"2,476.73"
2019-03-18,"2,483.70"
2019-03-19,"2,493.28"
2019-03-20,"2,504.23"
2019-03-21,"2,507.81"
2019-03-22,"2,492.70"
2019-03-25,"2,497.59"
2019-03-26,"2,512.63"
2019-03-27,"2,487.48"
2019-03-28,"2,492.40"
2019-03-29,"2,497.10"
2019-04-01,"2,521.25"
2019-04-02,"2,527.77"
2019-04-03,"2,532.32"
2019-04-04,"2,535.50"
2019-04-05,"2,540.99"
2019-04-08,"2,560.07"
2019-04-09,"2,570.28"
2019-04-10,"2,578.58"
2019-04-11,"2,551.45"
2019-04-12,"2,559.72"
2019-04-15,"2,545.12"
2019-04-16,"2,559.84"
2019-04-17,"2,568.26"
2019-04-18,"2,560.80"
2019-04-19,"2,563.90"
2019-04-22,"2,584.74"
2019-04-23,"2,587.48"
2019-04-24,"2,579.05"
2019-04-25,"2,560.94"
2019-04-26,"2,563.72"
2019-04-29,"2,569.83"
2019-04-30,"2,559.32"
2019-05-02,"2,575.22"
2019-05-03,"2,580.95"
2019-05-06,"2,579.75"
2019-05-07,"2,565.10"
2019-05-08,"2,544.43"
2019-05-10,"2,514.87"
2019-05-13,"2,508.87"
2019-05-14,"2,562.33"
2019-05-15,"2,554.49"
2019-05-16,"2,581.11"
2019-05-17,"2,577.48"
2019-05-20,"2,571.65"
2019-05-21,"2,616.53"
2019-05-22,"2,638.71"
2019-05-23,"2,618.61"
2019-05-24,"2,619.24"
2019-05-27,"2,632.95"
2019-05-28,"2,609.78"
2019-05-29,"2,641.15"
2019-05-30,"2,659.52"
2019-05-31,"2,665.33"
2019-06-03,"2,729.93"
2019-06-04,"2,706.29"
2019-06-05,"2,701.84"
2019-06-06,"2,728.25"
2019-06-07,"2,729.61"
2019-06-10,"2,742.59"
2019-06-11,"2,751.75"
2019-06-13,"2,758.36"
2019-06-14,"2,739.28"
2019-06-17,"2,734.31"
2019-06-18,"2,761.69"
2019-06-19,"2,759.12"
2019-06-20,"2,780.20"
2019-06-21,"2,761.23"
2019-06-24,"2,762.65"
2019-06-25,"2,753.96"
2019-06-26,"2,775.14"
2019-06-27,"2,779.66"
2019-06-28,"2,765.85"
2019-07-01,"2,801.47"
2019-07-02,"2,809.81"
2019-07-03,"2,823.95"
2019-07-04,"2,842.78"
2019-07-05,"2,835.35"
2019-07-08,"2,822.55"
2019-07-09,"2,822.66"
2019-07-10,"2,822.75"
2019-07-11,"2,789.66"
2019-07-12,"2,777.58"
2019-07-15,"2,756.44"
2019-07-16,"2,755.88"
2019-07-17,"2,713.17"
2019-07-18,"2,702.59"
2019-07-19,"2,700.57"
2019-07-22,"2,684.25"
2019-07-23,"2,701.06"
2019-07-24,"2,682.91"
2019-07-25,"2,701.02"
2019-07-26,"2,715.68"
2019-07-29,"2,728.27"
2019-07-30,"2,734.68"
2019-07-31,"2,739.50"
2019-08-01,"2,729.42"
2019-08-02,"2,674.90"
2019-08-05,"2,649.16"
2019-08-06,"2,683.35"
2019-08-07,"2,674.98"
2019-08-08,"2,696.69"
2019-08-09,"2,679.71"
2019-08-12,"2,689.93"
2019-08-13,"2,680.12"
2019-08-14,"2,637.04"
2019-08-15,"2,625.58"
2019-08-16,"2,615.20"
2019-08-19,"2,648.09"
2019-08-20,"2,672.84"
2019-08-21,"2,673.95"
2019-08-22,"2,675.13"
2019-08-23,"2,660.74"
2019-08-26,"2,658.24"
2019-08-27,"2,659.35"
2019-08-28,"2,677.31"
2019-08-29,"2,714.25"
2019-08-30,"2,740.04"
2019-09-02,"2,773.01"
2019-09-03,"2,774.20"
2019-09-04,"2,793.36"
2019-09-05,"2,807.06"
2019-09-06,"2,797.55"
2019-09-09,"2,786.63"
2019-09-10,"2,787.52"
2019-09-11,"2,817.05"
2019-09-12,"2,799.99"
2019-09-13,"2,791.74"
2019-09-16,"2,834.32"
2019-09-17,"2,820.86"
2019-09-18,"2,818.60"
2019-09-19,"2,794.77"
2019-09-20,"2,796.41"
2019-09-23,"2,785.46"
2019-09-24,"2,754.53"
2019-09-25,"2,760.29"
2019-09-26,"2,772.70"
2019-09-27,"2,757.98"
2019-09-30,"2,747.18"
2019-10-01,"2,758.83"
2019-10-02,"2,719.39"
2019-10-03,"2,707.47"
2019-10-04,"2,692.55"
2019-10-07,"2,719.22"
2019-10-08,"2,707.89"
2019-10-09,"2,713.02"
2019-10-10,"2,721.51"
2019-10-11,"2,708.07"
2019-10-14,"2,697.46"
2019-10-15,"2,715.26"
2019-10-16,"2,744.35"
2019-10-17,"2,748.64"
2019-10-18,"2,752.91"
2019-10-21,"2,761.15"
2019-10-22,"2,802.23"
2019-10-23,"2,821.58"
2019-10-24,"2,877.05"
2019-10-25,"2,873.41"
2019-10-28,"2,856.91"
2019-10-29,"2,886.48"
2019-10-30,"2,911.15"
2019-10-31,"2,893.98"
2019-11-01,"2,930.40"
2019-11-05,"2,949.55"
2019-11-06,"2,980.84"
2019-11-07,"3,008.54"
2019-11-08,"2,973.19"
2019-11-11,"2,961.46"
2019-11-12,"2,951.16"
2019-11-13,"2,933.89"
2019-11-14,"2,922.45"
2019-11-15,"2,934.82"
2019-11-18,"2,924.48"
2019-11-19,"2,941.69"
2019-11-20,"2,936.47"
2019-11-21,"2,942.60"
2019-11-22,"2,947.68"
2019-11-25,"2,955.32"
2019-11-26,"2,930.62"
2019-11-27,"2,929.05"
2019-11-28,"2,927.57"
2019-11-29,"2,935.37"
2019-12-02,"2,921.18"
2019-12-03,"2,883.48"
2019-12-04,"2,900.66"
2019-12-05,"2,899.29"
2019-12-06,"2,928.76"
2019-12-09,"2,945.03"
2019-12-10,"2,932.40"
2019-12-11,"2,954.40"
2019-12-12,"2,982.86"
2019-12-13,"2,996.63"
2019-12-16,"3,006.16"
2019-12-17,"3,013.29"
2019-12-18,"3,023.92"
2019-12-19,"3,008.39"
2019-12-20,"3,015.93"
2019-12-23,"3,033.81"
2019-12-24,"3,030.59"
2019-12-25,"3,030.84"
2019-12-26,"3,031.67"
2019-12-27,"3,050.47"
2019-12-30,"3,045.87"
2020-01-03,"3,076.37"
2020-01-06,"3,078.87"
2020-01-08,"3,110.06"
2020-01-09,"3,118.08"
2020-01-10,"3,123.66"
2020-01-13,"3,151.69"
2020-01-14,"3,129.77"
2020-01-15,"3,132.63"
2020-01-16,"3,157.23"
2020-01-17,"3,196.88"
2020-01-20,"3,219.92"
2020-01-21,"3,209.22"
2020-01-22,"3,174.62"
2020-01-23,"3,141.20"
2020-01-24,"3,146.20"
2020-01-27,"3,085.16"
2020-01-28,"3,113.10"
2020-01-29,"3,128.80"
2020-01-30,"3,108.58"
2020-01-31,"3,076.65"
2020-02-03,"3,070.84"
2020-02-04,"3,097.60"
2020-02-05,"3,114.25"
2020-02-06,"3,096.68"
2020-02-07,"3,087.63"
2020-02-10,"3,062.41"
2020-02-11,"3,097.58"
2020-02-12,"3,122.27"
2020-02-13,"3,110.05"
2020-02-14,"3,096.88"
2020-02-17,"3,110.06"
2020-02-18,"3,074.05"
2020-02-19,"3,114.57"
2020-02-20,"3,125.10"
2020-02-21,"3,106.03"
2020-02-25,"3,002.68"
2020-02-26,"3,017.42"
2020-02-27,"2,915.84"
2020-02-28,"2,785.08"
2020-03-02,"2,765.77"
2020-03-03,"2,821.37"
2020-03-04,"2,828.01"
2020-03-05,"2,816.70"
2020-03-06,"2,719.51"
2020-03-10,"2,498.94"
2020-03-11,"2,492.88"
2020-03-12,"2,286.40"
2020-03-13,"2,316.38"
2020-03-16,"2,266.90"
2020-03-17,"2,224.74"
2020-03-18,"2,112.64"
2020-03-19,"2,275.70"
2020-03-20,"2,331.61"
2020-03-23,"2,253.35"
2020-03-24,"2,415.97"
2020-03-25,"2,452.69"
2020-03-26,"2,489.97"
2020-03-27,"2,401.11"
2020-03-30,"2,433.35"
2020-03-31,"2,508.81"
2020-04-01,"2,473.61"
2020-04-02,"2,545.95"
2020-04-03,"2,572.23"
2020-04-06,"2,622.59"
2020-04-07,"2,634.74"
2020-04-08,"2,670.12"
2020-04-09,"2,701.77"
2020-04-10,"2,677.86"
2020-04-13,"2,628.85"
2020-04-14,"2,631.83"
2020-04-15,"2,498.94"
2020-04-16,"2,515.05"
2020-04-17,"2,534.97"
2020-04-20,"2,525.97"
2020-04-21,"2,488.02"
2020-04-22,"2,573.41"
2020-04-23,"2,599.41"
2020-04-24,"2,562.03"
2020-04-27,"2,570.91"
2020-04-28,"2,612.24"
2020-04-29,"2,663.14"
2020-04-30,"2,650.56"
2020-05-04,"2,624.64"
2020-05-05,"2,653.51"
2020-05-06,"2,632.10"
2020-05-07,"2,634.00"
2020-05-08,"2,641.55"
2020-05-12,"2,642.04"
2020-05-13,"2,604.98"
2020-05-14,"2,590.31"
2020-05-15,"2,593.91"
2020-05-18,"2,694.25"
2020-05-19,"2,711.72"
2020-05-20,"2,770.79"
2020-05-21,"2,718.67"
2020-05-22,"2,709.38"
2020-05-25,"2,757.93"
2020-05-26,"2,754.04"
2020-05-27,"2,741.02"
2020-05-28,"2,779.98"
2020-05-29,"2,734.83"
2020-06-01,"2,750.24"
2020-06-02,"2,796.51"
2020-06-03,"2,831.08"
2020-06-04,"2,766.26"
2020-06-05,"2,792.74"
2020-06-08,"2,796.30"
2020-06-09,"2,795.90"
2020-06-10,"2,785.18"
2020-06-11,"2,743.80"
2020-06-15,"2,719.06"
2020-06-16,"2,748.30"
2020-06-17,"2,740.10"
2020-06-18,"2,724.33"
2020-06-19,"2,758.67"
2020-06-22,"2,763.29"
2020-06-23,"2,791.97"
2020-06-25,"2,760.75"
2020-06-26,"2,761.74"
2020-06-29,"2,767.95"
2020-06-30,"2,743.20"
2020-07-02,"2,788.79"
2020-07-03,"2,801.66"
2020-07-06,"2,835.18"
2020-07-07,"2,825.21"
2020-07-08,"2,815.83"
2020-07-09,"2,782.43"
2020-07-10,"2,800.94"
2020-07-13,"2,766.79"
2020-07-14,"2,744.54"
2020-07-15,"2,747.91"
2020-07-16,"2,760.01"
2020-07-17,"2,774.79"
2020-07-20,"2,802.24"
2020-07-21,"2,825.71"
2020-07-22,"2,834.65"
2020-07-23,"2,851.79"
2020-07-24,"2,863.12"
2020-07-27,"2,884.88"
2020-07-28,"2,895.45"
2020-07-29,"2,918.42"
2020-07-30,"2,882.63"
2020-07-31,"2,911.57"
2020-08-03,"2,929.97"
2020-08-04,"2,940.46"
2020-08-05,"2,992.78"
2020-08-06,"2,988.50"
2020-08-07,"2,972.35"
2020-08-10,"2,960.78"
2020-08-11,"3,005.63"
2020-08-12,"3,053.99"
2020-08-13,"3,080.44"
2020-08-14,"3,061.99"
2020-08-17,"3,052.46"
2020-08-18,"3,050.70"
2020-08-19,"3,056.54"
2020-08-20,"2,993.69"
2020-08-21,"2,995.61"
2020-08-24,"3,029.42"
2020-08-25,"3,029.05"
2020-08-26,"3,051.97"
2020-08-27,"3,012.01"
2020-08-28,"2,980.17"
2020-08-31,"2,966.20"
2020-09-01,"2,975.00"
2020-09-02,"2,956.50"
2020-09-03,"2,931.92"
2020-09-04,"2,921.55"
2020-09-07,"2,932.29"
2020-09-08,"2,888.79"
2020-09-09,"2,876.07"
2020-09-10,"2,897.55"
2020-09-11,"2,910.51"
2020-09-14,"2,928.38"
2020-09-15,"2,980.58"
2020-09-16,"2,975.01"
2020-09-17,"2,971.74"
2020-09-18,"2,951.79"
2020-09-21,"2,863.67"
2020-09-22,"2,884.66"
2020-09-23,"2,916.39"
2020-09-24,"2,912.76"
2020-09-25,"2,896.83"
2020-09-28,"2,927.17"
2020-09-29,"2,910.12"
2020-09-30,"2,905.81"
2020-10-01,"2,889.80"
2020-10-02,"2,852.42"
2020-10-05,"2,881.98"
2020-10-06,"2,892.99"
2020-10-07,"2,842.58"
2020-10-08,"2,846.39"
2020-10-09,"2,834.09"
2020-10-12,"2,846.14"
2020-10-13,"2,829.23"
2020-10-14,"2,856.08"
2020-10-15,"2,817.29"
2020-10-16,"2,799.54"
2020-10-19,"2,794.27"
2020-10-20,"2,803.06"
2020-10-21,"2,786.23"
2020-10-22,"2,803.17"
2020-10-23,"2,816.70"
2020-10-26,"2,785.59"
2020-10-27,"2,763.03"
2020-10-28,"2,693.46"
2020-10-29,"2,709.04"
2020-10-30,"2,690.59"
2020-11-02,"2,737.54"
2020-11-03,"2,786.42"
2020-11-05,"2,861.39"
2020-11-06,"2,895.62"
2020-11-09,"2,987.75"
2020-11-10,"2,998.61"
2020-11-11,"3,015.03"
2020-11-12,"3,025.83"
2020-11-13,"3,025.22"
2020-11-16,"3,079.74"
2020-11-17,"3,052.22"
2020-11-18,"3,080.68"
2020-11-19,"3,046.49"
2020-11-20,"3,051.04"
2020-11-23,"3,047.06"
2020-11-24,"3,095.84"
2020-11-25,"3,134.52"
2020-11-26,"3,138.62"
2020-11-27,"3,142.68"
2020-11-30,"3,107.58"
2020-12-01,"3,147.79"
2020-12-02,"3,189.61"
2020-12-03,"3,162.67"
2020-12-04,"3,184.72"
2020-12-07,"3,195.08"
2020-12-08,"3,179.61"
2020-12-09,"3,211.66"
2020-12-10,"3,258.31"
2020-12-11,"3,276.58"
2020-12-14,"3,254.83"
2020-12-15,"3,248.11"
2020-12-16,"3,269.95"
2020-12-17,"3,282.67"
2020-12-18,"3,273.75"
2020-12-21,"3,186.38"
2020-12-22,"3,236.46"
2020-12-23,"3,252.10"
2020-12-24,"3,236.88"
2020-12-25,"3,246.35"
2020-12-28,"3,258.95"
2020-12-29,"3,274.67"
2020-12-30,"3,289.02"
2021-01-04,"3,350.51"
2021-01-05,"3,359.15"
2021-01-06,"3,371.03"
2021-01-08,"3,454.82"
2021-01-11,"3,482.48"
2021-01-12,"3,471.65"
2021-01-13,"3,470.26"
2021-01-14,"3,490.85"
2021-01-15,"3,450.95"
2021-01-18,"3,471.92"
2021-01-19,"3,443.23"
2021-01-20,"3,466.80"
2021-01-21,"3,422.67"
2021-01-22,"3,382.92"
2021-01-25,"3,397.48"
2021-01-26,"3,390.76"
2021-01-27,"3,343.62"
2021-01-28,"3,342.01"
2021-01-29,"3,277.08"
2021-02-01,"3,291.14"
2021-02-02,"3,360.25"
2021-02-03,"3,343.46"
2021-02-04,"3,372.00"
2021-02-05,"3,392.73"
2021-02-08,"3,445.90"
2021-02-09,"3,426.86"
2021-02-10,"3,399.66"
2021-02-11,"3,414.32"
2021-02-12,"3,427.08"
2021-02-15,"3,481.90"
2021-02-16,"3,495.26"
2021-02-17,"3,436.80"
2021-02-18,"3,400.17"
2021-02-19,"3,457.68"
2021-02-20,"3,446.32"
2021-02-22,"3,433.93"
2021-02-24,"3,385.48"
2021-02-25,"3,409.76"
2021-02-26,"3,346.64"
2021-03-01,"3,386.16"
2021-03-02,"3,410.10"
2021-03-03,"3,416.04"
2021-03-04,"3,397.56"
2021-03-05,"3,414.13"
2021-03-09,"3,478.72"
2021-03-10,"3,463.06"
2021-03-11,"3,508.51"
2021-03-12,"3,539.50"
2021-03-15,"3,584.49"
2021-03-16,"3,589.83"
2021-03-17,"3,507.91"
2021-03-18,"3,504.85"
2021-03-19,"3,475.26"
2021-03-22,"3,489.07"
2021-03-23,"3,467.21"
2021-03-24,"3,485.33"
2021-03-25,"3,439.30"
2021-03-26,"3,489.83"
2021-03-29,"3,529.33"
2021-03-30,"3,525.23"
2021-03-31,"3,541.72"
2021-04-01,"3,527.54"
2021-04-02,"3,558.22"
2021-04-05,"3,524.93"
2021-04-06,"3,493.89"
2021-04-07,"3,500.34"
2021-04-08,"3,507.83"
2021-04-09,"3,486.03"
2021-04-12,"3,522.65"
2021-04-13,"3,526.30"
2021-04-14,"3,576.89"
2021-04-15,"3,568.51"
2021-04-16,"3,598.44"
2021-04-19,"3,574.08"
2021-04-20,"3,552.41"
2021-04-21,"3,561.72"
2021-04-22,"3,600.35"
2021-04-23,"3,597.17"
2021-04-26,"3,610.98"
2021-04-27,"3,600.60"
2021-04-28,"3,578.12"
2021-04-29,"3,571.05"
2021-04-30,"3,544.00"
2021-05-04,"3,577.21"
2021-05-05,"3,643.56"
2021-05-06,"3,658.27"
2021-05-07,"3,682.69"
2021-05-10,"3,694.78"
2021-05-11,"3,652.05"
2021-05-12,"3,654.14"
2021-05-13,"3,637.38"
2021-05-14,"3,637.60"
2021-05-17,"3,639.61"
2021-05-18,"3,687.96"
2021-05-19,"3,634.76"
2021-05-20,"3,636.16"
2021-05-21,"3,660.48"
2021-05-24,"3,662.51"
2021-05-25,"3,686.76"
2021-05-26,"3,711.05"
2021-05-27,"3,738.68"
2021-05-28,"3,730.55"
2021-05-31,"3,721.63"
2021-06-01,"3,764.59"
2021-06-02,"3,817.68"
2021-06-03,"3,805.45"
2021-06-04,"3,807.43"
2021-06-07,"3,822.21"
2021-06-08,"3,807.43"
2021-06-09,"3,843.28"
2021-06-10,"3,827.71"
2021-06-11,"3,841.53"
2021-06-14,"3,860.18"
2021-06-15,"3,822.40"
2021-06-16,"3,829.67"
2021-06-17,"3,819.07"
2021-06-18,"3,802.95"
2021-06-21,"3,813.45"
2021-06-22,"3,821.68"
2021-06-23,"3,837.15"
2021-06-24,"3,823.44"
2021-06-25,"3,831.84"
2021-06-28,"3,825.57"
2021-06-29,"3,790.85"
2021-06-30,"3,841.85"
2021-07-01,"3,858.32"
2021-07-02,"3,865.42"
2021-07-05,"3,882.59"
2021-07-06,"3,884.30"
2021-07-07,"3,895.10"
2021-07-08,"3,861.08"
2021-07-09,"3,855.31"
2021-07-12,"3,875.61"
2021-07-13,"3,877.03"
2021-07-14,"3,832.85"
2021-07-15,"3,799.97"
2021-07-16,"3,770.15"
2021-07-19,"3,693.42"
2021-07-20,"3,704.40"
2021-07-21,"3,722.96"
2021-07-22,"3,754.44"
2021-07-23,"3,734.54"
2021-07-26,"3,750.10"
2021-07-27,"3,733.10"
2021-07-28,"3,782.28"
2021-07-29,"3,804.33"
2021-07-30,"3,771.58"
2021-08-02,"3,788.10"
2021-08-03,"3,793.69"
2021-08-04,"3,810.62"
2021-08-05,"3,833.75"
2021-08-06,"3,805.36"
2021-08-09,"3,835.11"
2021-08-10,"3,862.32"
2021-08-11,"3,877.37"
2021-08-12,"3,888.86"
2021-08-13,"3,873.00"
2021-08-16,"3,895.31"
2021-08-17,"3,943.01"
2021-08-18,"3,925.17"
2021-08-19,"3,853.98"
2021-08-20,"3,832.70"
2021-08-23,"3,883.01"
2021-08-24,"3,888.87"
2021-08-25,"3,886.64"
2021-08-26,"3,851.57"
2021-08-27,"3,887.38"
2021-08-30,"3,928.50"
2021-08-31,"3,918.96"
2021-09-01,"3,971.02"
2021-09-02,"3,990.77"
2021-09-03,"4,001.70"
2021-09-06,"4,028.25"
2021-09-07,"4,010.16"
2021-09-08,"4,017.37"
2021-09-09,"3,993.56"
2021-09-10,"4,002.66"
2021-09-13,"4,041.16"
2021-09-14,"4,055.70"
2021-09-15,"4,065.53"
2021-09-16,"4,045.10"
2021-09-17,"4,035.17"
2021-09-20,"3,969.61"
2021-09-21,"3,970.48"
2021-09-22,"4,030.98"
2021-09-23,"4,052.14"
2021-09-24,"4,038.23"
2021-09-27,"4,081.22"
2021-09-28,"4,065.46"
2021-09-29,"4,058.37"
2021-09-30,"4,103.52"
2021-10-01,"4,086.99"
2021-10-04,"4,112.72"
2021-10-05,"4,223.85"
2021-10-06,"4,171.71"
2021-10-07,"4,228.02"
2021-10-08,"4,238.00"
2021-10-11,"4,279.87"
2021-10-12,"4,263.80"
2021-10-13,"4,243.92"
2021-10-14,"4,259.13"
2021-10-15,"4,261.82"
2021-10-18,"4,248.33"
2021-10-19,"4,276.26"
2021-10-20,"4,287.52"
2021-10-21,"4,218.63"
2021-10-22,"4,196.96"
2021-10-25,"4,254.98"
2021-10-26,"4,235.87"
2021-10-27,"4,229.53"
2021-10-28,"4,189.66"
2021-10-29,"4,150.00"
2021-11-01,"4,221.49"
2021-11-02,"4,207.53"
2021-11-03,"4,184.87"
2021-11-05,"4,174.76"
2021-11-08,"4,218.27"
2021-11-09,"4,187.33"
2021-11-10,"4,172.47"
2021-11-11,"4,189.35"
2021-11-12,"4,121.66"
2021-11-15,"4,135.14"
2021-11-16,"4,120.02"
2021-11-17,"4,149.02"
2021-11-18,"4,093.85"
2021-11-19,"4,016.47"
2021-11-22,"3,872.77"
2021-11-23,"3,960.33"
2021-11-24,"3,950.56"
2021-11-25,"3,947.82"
2021-11-26,"3,810.98"
2021-11-29,"3,879.54"
2021-11-30,"3,890.59"
2021-12-01,"3,959.29"
2021-12-02,"3,947.54"
2021-12-03,"3,913.06"
2021-12-06,"3,810.10"
2021-12-07,"3,873.20"
2021-12-08,"3,773.61"
2021-12-09,"3,813.29"
2021-12-10,"3,760.23"
2021-12-13,"3,618.31"
2021-12-14,"3,619.39"
2021-12-15,"3,621.82"
2021-12-16,"3,750.36"
2021-12-17,"3,723.27"
2021-12-20,"3,669.05"
2021-12-21,"3,693.02"
2021-12-22,"3,746.75"
2021-12-23,"3,704.60"
2021-12-24,"3,702.72"
2021-12-27,"3,740.63"
2021-12-28,"3,777.56"
2021-12-29,"3,741.07"
2021-12-30,"3,787.26"
2022-01-03,"3,852.50"
2022-01-04,"3,873.49"
2022-01-05,"3,815.05"
2022-01-06,"3,753.29"
2022-01-07,"3,772.04"
2022-01-10,"3,738.68"
2022-01-11,"3,785.29"
2022-01-12,"3,829.95"
2022-01-13,"3,674.73"
2022-01-14,"3,596.98"
2022-01-17,"3,560.35"
2022-01-18,"3,328.94"
2022-01-19,"3,436.82"
2022-01-20,"3,516.02"
2022-01-21,"3,439.25"
2022-01-24,"3,235.28"
2022-01-25,"3,258.74"
2022-01-26,"3,357.66"
2022-01-27,"3,455.93"
2022-01-28,"3,488.60"
2022-01-31,"3,530.38"
2022-02-01,"3,548.17"
2022-02-02,"3,543.80"
2022-02-03,"3,471.18"
2022-02-04,"3,471.01"
2022-02-07,"3,470.78"
2022-02-08,"3,551.65"
2022-02-09,"3,638.93"
2022-02-10,"3,655.76"
2022-02-11,"3,546.62"
2022-02-14,"3,481.38"
2022-02-15,"3,600.29"
2022-02-16,"3,646.41"
2022-02-17,"3,511.08"
2022-02-18,"3,393.31"
2022-02-21,"3,036.88"
2022-02-22,"3,084.74"
2022-02-24,"2,058.12"
2022-02-25,"2,470.48"
2022-03-24,"2,578.51"
2022-03-25,"2,484.13"
2022-03-28,"2,430.70"
2022-03-29,"2,408.49"
2022-03-30,"2,513.03"
2022-03-31,"2,703.51"
2022-04-01,"2,759.64"
2022-04-04,"2,787.69"
2022-04-05,"2,662.79"
2022-04-06,"2,611.43"
2022-04-07,"2,635.39"
2022-04-08,"2,592.72"
2022-04-11,"2,557.16"
2022-04-12,"2,540.99"
2022-04-13,"2,528.42"
2022-04-14,"2,404.73"
2022-04-15,"2,424.99"
2022-04-18,"2,342.63"
2022-04-19,"2,317.46"
2022-04-20,"2,330.73"
2022-04-21,"2,271.05"
2022-04-22,"2,232.23"
2022-04-25,"2,186.22"
2022-04-26,"2,318.46"
2022-04-27,"2,424.28"
2022-04-28,"2,383.66"
2022-04-29,"2,445.17"
2022-05-04,"2,373.16"
2022-05-05,"2,404.80"
2022-05-06,"2,393.03"
2022-05-11,"2,387.14"
2022-05-12,"2,297.89"
2022-05-13,"2,307.50"
2022-05-16,"2,364.60"
2022-05-17,"2,424.10"
2022-05-18,"2,445.30"
2022-05-19,"2,436.57"
2022-05-20,"2,373.26"
2022-05-23,"2,301.85"
2022-05-24,"2,293.62"
2022-05-25,"2,340.18"
2022-05-26,"2,413.06"
2022-05-27,"2,407.59"
2022-05-30,"2,400.39"
2022-05-31,"2,355.75"
2022-06-01,"2,374.60"
2022-06-02,"2,340.17"
2022-06-03,"2,308.03"
2022-06-06,"2,282.16"
2022-06-07,"2,291.62"
2022-06-08,"2,318.85"
2022-06-09,"2,293.99"
2022-06-10,"2,285.52"
2022-06-14,"2,289.75"
2022-06-15,"2,318.96"
2022-06-16,"2,369.75"
2022-06-17,"2,353.98"
2022-06-20,"2,404.40"
2022-06-21,"2,358.81"
2022-06-22,"2,373.52"
2022-06-23,"2,404.54"
2022-06-24,"2,391.51"
2022-06-27,"2,417.06"
2022-06-28,"2,408.75"
2022-06-29,"2,378.55"
2022-06-30,"2,204.85"
2022-07-01,"2,206.61"
2022-07-04,"2,204.66"
2022-07-05,"2,226.64"
2022-07-06,"2,221.88"
2022-07-07,"2,226.65"
2022-07-08,"2,222.51"
2022-07-11,"2,162.34"
2022-07-12,"2,133.77"
2022-07-13,"2,073.68"
2022-07-14,"2,063.30"
2022-07-15,"2,109.52"
2022-07-18,"2,096.42"
2022-07-19,"2,071.28"
2022-07-20,"2,075.24"
2022-07-21,"2,053.64"
2022-07-22,"2,096.75"
2022-07-25,"2,128.96"
2022-07-26,"2,192.42"
2022-07-27,"2,196.22"
2022-07-28,"2,189.16"
2022-07-29,"2,213.81"
2022-08-01,"2,180.09"
2022-08-02,"2,137.30"
2022-08-03,"2,123.92"
2022-08-04,"2,116.58"
2022-08-05,"2,054.29"
2022-08-08,"2,088.40"
2022-08-09,"2,136.80"
2022-08-10,"2,151.50"
2022-08-11,"2,133.11"
2022-08-12,"2,147.33"
2022-08-15,"2,165.12"
2022-08-16,"2,208.33"
2022-08-17,"2,188.56"
2022-08-18,"2,194.31"
2022-08-19,"2,195.16"
2022-08-22,"2,228.11"
2022-08-23,"2,260.08"
2022-08-24,"2,248.22"
2022-08-25,"2,246.34"
2022-08-26,"2,268.89"
2022-08-29,"2,296.33"
2022-08-30,"2,306.62"
2022-08-31,"2,400.08"
2022-09-01,"2,445.77"
2022-09-02,"2,471.45"
2022-09-05,"2,488.44"
2022-09-06,"2,425.33"
2022-09-07,"2,401.57"
2022-09-08,"2,390.27"
2022-09-09,"2,426.06"
2022-09-12,"2,449.65"
2022-09-13,"2,446.89"
2022-09-14,"2,435.89"
2022-09-15,"2,446.59"
2022-09-16,"2,431.61"
2022-09-19,"2,430.54"
2022-09-20,"2,215.67"
2022-09-21,"2,130.71"
2022-09-22,"2,190.87"
2022-09-23,"2,089.87"
2022-09-26,"1,933.35"
2022-09-27,"1,953.46"
2022-09-28,"1,963.86"
2022-09-29,"1,953.77"
2022-09-30,"1,957.31"
2022-10-03,"2,041.96"
2022-10-04,"2,046.42"
2022-10-05,"2,029.88"
2022-10-06,"2,020.63"
2022-10-07,"1,944.75"
2022-10-10,"1,916.97"
2022-10-11,"1,949.46"
2022-10-12,"1,951.65"
2022-10-13,"1,955.20"
2022-10-14,"1,950.98"
2022-10-17,"2,012.85"
2022-10-18,"2,032.40"
2022-10-19,"1,978.40"
2022-10-20,"2,025.51"
2022-10-21,"2,043.71"
2022-10-24,"2,063.95"
2022-10-25,"2,130.65"
2022-10-26,"2,120.58"
2022-10-27,"2,164.64"
2022-10-28,"2,167.70"
2022-10-31,"2,166.61"
2022-11-01,"2,174.35"
2022-11-02,"2,173.84"
2022-11-03,"2,155.92"
2022-11-07,"2,208.78"
2022-11-08,"2,207.20"
2022-11-09,"2,166.56"
2022-11-10,"2,210.02"
2022-11-11,"2,217.44"
2022-11-14,"2,244.77"
2022-11-15,"2,223.26"
2022-11-16,"2,227.19"
2022-11-17,"2,212.93"
2022-11-18,"2,206.32"
2022-11-21,"2,166.31"
2022-11-22,"2,196.04"
2022-11-23,"2,211.89"
2022-11-24,"2,210.95"
2022-11-25,"2,195.17"
2022-11-28,"2,177.45"
2022-11-29,"2,185.32"
2022-11-30,"2,174.53"
2022-12-01,"2,187.29"
2022-12-02,"2,180.44"
2022-12-05,"2,208.28"
2022-12-06,"2,196.24"
2022-12-07,"2,192.88"
2022-12-08,"2,184.43"
2022-12-09,"2,177.85"
2022-12-12,"2,173.16"
2022-12-13,"2,174.38"
2022-12-14,"2,159.81"
2022-12-15,"2,126.80"
2022-12-16,"2,132.75"
2022-12-19,"2,129.98"
2022-12-20,"2,119.37"
2022-12-21,"2,116.13"
2022-12-22,"2,122.91"
2022-12-23,"2,124.02"
2022-12-26,"2,139.21"
2022-12-27,"2,150.92"
2022-12-28,"2,139.77"
2022-12-29,"2,147.06"
2022-12-30,"2,154.12"
2023-01-03,"2,172.68"
2023-01-04,"2,168.42"
2023-01-05,"2,156.67"
2023-01-06,"2,156.39"
2023-01-09,"2,163.50"
2023-01-10,"2,159.51"
2023-01-11,"2,186.98"
2023-01-12,"2,185.93"
2023-01-13,"2,199.94"
2023-01-16,"2,224.90"
2023-01-17,"2,196.84"
2023-01-18,"2,196.26"
2023-01-19,"2,168.83"
2023-01-20,"2,166.69"
2023-01-23,"2,185.31"
2023-01-24,"2,172.75"
2023-01-25,"2,170.15"
2023-01-26,"2,166.92"
2023-01-27,"2,189.35"
2023-01-30,"2,204.41"
2023-01-31,"2,225.60"
2023-02-01,"2,230.15"
2023-02-02,"2,243.54"
2023-02-03,"2,248.30"
2023-02-06,"2,272.37"
2023-02-07,"2,267.69"
2023-02-08,"2,251.97"
2023-02-09,"2,262.45"
2023-02-10,"2,261.58"
2023-02-13,"2,264.27"
2023-02-14,"2,232.23"
2023-02-15,"2,166.46"
2023-02-16,"2,153.96"
2023-02-17,"2,168.88"
2023-02-20,"2,183.57"
2023-02-21,"2,212.42"
2023-02-22,"2,212.40"
2023-02-24,"2,208.03"
2023-02-27,"2,241.10"
2023-02-28,"2,253.16"
2023-03-01,"2,279.65"
2023-03-02,"2,254.30"
2023-03-03,"2,272.20"
2023-03-06,"2,294.12"
2023-03-07,"2,295.60"
2023-03-09,"2,290.14"
2023-03-10,"2,276.25"
2023-03-13,"2,269.47"
2023-03-14,"2,290.32"
2023-03-15,"2,262.07"
2023-03-16,"2,258.22"
2023-03-17,"2,322.78"
2023-03-20,"2,397.16"
2023-03-21,"2,398.15"
2023-03-22,"2,393.88"
2023-03-23,"2,388.35"
2023-03-24,"2,391.53"
2023-03-27,"2,440.68"
2023-03-28,"2,442.19"
2023-03-29,"2,460.87"
2023-03-30,"2,465.93"
2023-03-31,"2,450.67"
2023-04-03,"2,473.32"
2023-04-04,"2,480.45"
2023-04-05,"2,500.80"
2023-04-06,"2,498.30"
2023-04-07,"2,508.39"
2023-04-10,"2,547.35"
2023-04-11,"2,533.69"
2023-04-12,"2,538.47"
2023-04-13,"2,544.28"
2023-04-14,"2,554.85"
2023-04-17,"2,596.11"
2023-04-18,"2,615.62"
2023-04-19,"2,606.55"
2023-04-20,"2,637.85"
2023-04-21,"2,639.95"
2023-04-24,"2,635.43"
2023-04-25,"2,626.86"
2023-04-26,"2,620.33"
2023-04-27,"2,646.18"
2023-04-28,"2,634.94"
2023-05-02,"2,580.51"
2023-05-03,"2,532.42"
2023-05-04,"2,524.51"
2023-05-05,"2,538.24"
2023-05-08,"2,527.59"
2023-05-10,"2,548.63"
2023-05-11,"2,595.12"
2023-05-12,"2,565.17"
2023-05-15,"2,611.07"
